RoundNumber,Matching_Case_Found
0,False
1,False
2,False
3,False
4,False
5,True
6,False
7,False
8,False
9,True
10,False
11,False
12,True
13,True
14,False
15,False
16,True
17,True
18,False
19,True
20,False
21,True
22,True
23,False
24,True
25,True
26,False
27,True
28,True
29,True
30,True
31,False
32,True
33,True
34,False
35,True
36,False
37,True
38,True
39,False
40,True
41,True
42,True
43,True
44,False
45,True
46,True
47,True
48,False
49,True
50,True
51,True
52,True
53,False
54,True
55,True
56,True
57,True
58,True
59,True
60,True
61,False
62,False
63,True
64,True
65,True
66,True
67,True
68,True
69,True
70,True
71,True
72,True
73,True
74,True
75,True
76,True
77,True
78,True
79,True
80,True
81,True
82,True
83,True
84,True
85,True
86,True
87,True
88,True
89,True
90,True
91,True
92,True
93,True
94,True
95,True
96,True
97,True
98,True
99,True