RoundNumber,Cycle_Duration_(ms)
0,2846
1,2376
2,2761
3,3041
4,3013
5,367
6,2896
7,2884
8,2860
9,373
10,2916
11,2909
12,403
13,413
14,3174
15,2833
16,348
17,421
18,2880
19,341
20,4310
21,410
22,430
23,3780
24,346
25,437
26,2836
27,323
28,433
29,450
30,481
31,2888
32,342
33,470
34,3221
35,433
36,2916
37,440
38,472
39,3248
40,410
41,457
42,475
43,468
44,2896
45,388
46,463
47,601
48,3330
49,421
50,486
51,499
52,591
53,3954
54,423
55,472
56,597
57,464
58,483
59,532
60,394
61,3261
62,3185
63,411
64,427
65,448
66,471
67,420
68,474
69,408
70,471
71,502
72,454
73,469
74,441
75,450
76,411
77,435
78,513
79,452
80,463
81,425
82,423
83,430
84,411
85,535
86,462
87,470
88,398
89,425
90,460
91,395
92,477
93,491
94,490
95,456
96,403
97,517
98,485
99,459