RoundNumber,OfficeHumidityUpperLimit
0,50.0
1,50.0
2,50.0
3,50
4,50.0
5,50.0
6,50.0
7,50.0
8,50
9,50
10,50.0
11,50.0
12,50
13,50
14,50.0
15,50.0
16,50
17,50
18,50.0
19,50
20,50.0
21,50
22,50
23,50.0
24,50
25,50.0
26,50
27,50
28,50.0
29,50
30,50
31,50.0
32,50
33,50
34,50.0
35,50
36,50.0
37,50
38,50
39,50.0
40,50
41,50.0
42,50
43,50
44,50.0
45,50
46,50.0
47,50
48,50
49,50
50,50.0
51,50.0
52,50
53,50
54,50.0
55,50
56,50
57,50.0
58,50
59,50
60,50.0
61,50
62,50
63,50.0
64,50
65,50
66,50.0
67,50
68,50
69,50.0
70,50
71,50
72,50.0
73,50
74,50
75,50.0
76,50
77,50.0
78,50
79,50
80,50.0
81,50
82,50
83,50
84,50.0
85,50
86,50
87,50.0
88,50
89,50
90,50
91,50.0
92,50
93,50
94,50.0
95,50
96,50
97,50
98,50.0
99,50
100,50
101,50.0
102,50
103,50
104,50
105,50.0
106,50
107,50
108,50.0
109,50
110,50
111,50
112,50.0
113,50
114,50
115,50.0
116,50
117,50
118,50
119,50.0
120,50
121,50
122,50.0
123,50
124,50
125,50
126,50.0
127,50
128,50
129,50.0
130,50
131,50
132,50
133,50.0
134,50
135,50
136,50.0
137,50
138,50
139,50
140,50.0
141,50
142,50
143,50.0
144,50
145,50
146,50
147,50.0
148,50
149,50
150,50.0
151,50
152,50
153,50
154,50.0
155,50
156,50
157,50.0
158,50
159,50
160,50
161,50.0
162,50
163,50
164,50.0
165,50
166,50
167,50
168,50.0
169,50
170,50
171,50.0
172,50
173,50
174,50
175,50.0
176,50
177,50
178,50.0
179,50
180,50
181,50
182,50.0
183,50
184,50
185,50.0
186,50
187,50
188,50
189,50.0
190,50
191,50
192,50.0
193,50
194,50
195,50
196,50.0
197,50
198,50
199,50.0
200,50
201,50
202,50
203,50.0
204,50
205,50
206,50.0
207,50
208,50
209,50
210,50.0
211,50
212,50
213,50.0
214,50
215,50
216,50
217,50.0
218,50
219,50
220,50.0
221,50
222,50
223,50
224,50.0
225,50
226,50
227,50.0
228,50
229,50
230,50
231,50.0
232,50
233,50
234,50.0
235,50
236,50
237,50
238,50.0
239,50
240,50
241,50.0
242,50
243,50
244,50
245,50.0
246,50
247,50
248,50.0
249,50