RoundNumber,OfficeHumidityLowerLimit
0,30.0
1,30.0
2,30
3,30
4,30.0
5,30.0
6,30.0
7,30.0
8,30
9,30
10,30.0
11,30.0
12,30
13,30
14,30.0
15,30.0
16,30
17,30
18,30.0
19,30
20,30.0
21,30
22,30
23,30.0
24,30
25,30.0
26,30
27,30
28,30.0
29,30
30,30
31,30.0
32,30
33,30
34,30.0
35,30
36,30.0
37,30
38,30
39,30.0
40,30
41,30.0
42,30
43,30
44,30.0
45,30
46,30.0
47,30
48,30
49,30
50,30.0
51,30.0
52,30
53,30
54,30.0
55,30
56,30
57,30.0
58,30
59,30
60,30.0
61,30
62,30
63,30.0
64,30
65,30
66,30.0
67,30
68,30
69,30.0
70,30
71,30
72,30.0
73,30
74,30
75,30.0
76,30
77,30.0
78,30
79,30
80,30.0
81,30
82,30
83,30
84,30.0
85,30
86,30
87,30.0
88,30
89,30
90,30
91,30.0
92,30
93,30
94,30.0
95,30
96,30
97,30
98,30.0
99,30
100,30
101,30.0
102,30
103,30
104,30
105,30.0
106,30
107,30
108,30.0
109,30
110,30
111,30
112,30.0
113,30
114,30
115,30.0
116,30
117,30
118,30
119,30.0
120,30
121,30
122,30.0
123,30
124,30
125,30
126,30.0
127,30
128,30
129,30.0
130,30
131,30
132,30
133,30.0
134,30
135,30
136,30.0
137,30
138,30
139,30
140,30.0
141,30
142,30
143,30.0
144,30
145,30
146,30
147,30.0
148,30
149,30
150,30.0
151,30
152,30
153,30
154,30.0
155,30
156,30
157,30.0
158,30
159,30
160,30
161,30.0
162,30
163,30
164,30.0
165,30
166,30
167,30
168,30.0
169,30
170,30
171,30.0
172,30
173,30
174,30
175,30.0
176,30
177,30
178,30.0
179,30
180,30
181,30
182,30.0
183,30
184,30
185,30.0
186,30
187,30
188,30
189,30.0
190,30
191,30
192,30.0
193,30
194,30
195,30
196,30.0
197,30
198,30
199,30.0
200,30
201,30
202,30
203,30.0
204,30
205,30
206,30.0
207,30
208,30
209,30
210,30.0
211,30
212,30
213,30.0
214,30
215,30
216,30
217,30.0
218,30
219,30
220,30.0
221,30
222,30
223,30
224,30.0
225,30
226,30
227,30.0
228,30
229,30
230,30
231,30.0
232,30
233,30
234,30.0
235,30
236,30
237,30
238,30.0
239,30
240,30
241,30.0
242,30
243,30
244,30
245,30.0
246,30
247,30
248,30.0
249,30