RoundNumber,Dehumidifier
0,0
1,0
2,1
3,0
4,1
5,0
6,1
7,0
8,0
9,1
10,0
11,1
12,1
13,0
14,1
15,1
16,0
17,1
18,0
19,0
20,1
21,0
22,0
23,1
24,1
25,0
26,0
27,1
28,1
29,0
30,0
31,1
32,1
33,0
34,0
35,1
36,1
37,0
38,0
39,1
40,1
41,0
42,0
43,1
44,1
45,0
46,0
47,1
48,1
49,0
50,0
51,1
52,1
53,0
54,0
55,0
56,1
57,1
58,0
59,1
60,1
61,0
62,0
63,1
64,1
65,1
66,0
67,0
68,0
69,1
70,1
71,1
72,0
73,0
74,0
75,1
76,1
77,0
78,0
79,0
80,1
81,1
82,1
83,1
84,0
85,1
86,1
87,1
88,1
89,0
90,0
91,0
92,1
93,1
94,1
95,1
96,0
97,0
98,0
99,1