RoundNumber,RoomTemperatureLowerLimit1
0,27.5
0,27.5
1,27.5
2,27.5
3,27.5
4,27.5
5,27.5
6,27.5
7,27.5
8,27.5
9,27.5
10,27.5
11,27.5
12,27.5
13,27.5
14,27.5
15,27.5
16,27.5
17,27.5
18,27.5
19,27.5
20,27.5
21,27.5
22,27.5
23,27.5
24,27.5
25,27.5
26,27.5
27,27.5
28,27.5
29,27.5
30,27.5
31,27.5
32,27.5
33,27.5
34,27.5
35,27.5
36,27.5
37,27.5
38,27.5
39,27.5
40,27.5
41,27.5
42,27.5
43,27.5
44,27.5
45,27.5
46,27.5
47,27.5
48,27.5
49,27.5
50,27.5
51,27.5
52,27.5
53,27.5
54,27.5
55,27.5
56,27.5
57,27.5
58,27.5
59,27.5
60,27.5
61,27.5
62,27.5
63,27.5
64,27.5
65,27.5
66,27.5
67,27.5
68,27.5
69,27.5
70,27.5
71,27.5
72,27.5
73,27.5
74,27.5
75,27.5
76,27.5
77,27.5
78,27.5
79,27.5
80,27.5
81,27.5
82,27.5
83,27.5
84,27.5
85,27.5
86,27.5
87,27.5
88,27.5
89,27.5
90,27.5
91,27.5
92,27.5
93,27.5
94,27.5
95,27.5
96,27.5
97,27.5
98,27.5
99,27.5